key,de,en,comment
ajax_form_connection_error,Verbindungsfehler. Bitte versuchen Sie es noch einmal.,Connection error. Please try again.,
ajax_form_no_longer_authorized,Sie sind für diese Aktion nicht mehr authorisiert.,You are no longer authorized to do this.,
ajax_form_unexpected_error,Es gab einen unerwarteten Server-Fehler.,There was an unexpected server error.,
ajax_form_validation_error_unparsable,Validation error with unparsable errors.,Validation error with unparsable errors.,"Formular speichern, Edge case: Server gibt Fehlermeldung UND sie kann nicht gelesen werden."
ajax_form_validation_error_without_any_data,Validation error without any data.,Validation error without any data.,"Formular speichern, Edge case: Server gibt Fehlermeldungs-Code aber sonst keinen Inhalt"
ajax_form_validation_error_without_error_data,Validation error without error data.,Validation error without error data.,"Formular speichern, Edge case: Server gibt Fehlermeldung, aber keine Details"
api_tokens_callback_description,Token wird für eine externe Applikation erstellt.,Token is being created for an external application.,
api_tokens_create_cancel,Abbrechen,Cancel,
api_tokens_create_description,Beschreibung,Description,
api_tokens_create_submit,Token anlegen,Create token,
api_tokens_create_title,Neuen Token hinzufügen,Add new token,
api_tokens_created_back_btn,Zurück zu allen Tokens.,Back to all tokens.,
api_tokens_created_callback_btn,Weiter zur Applikation,Continue to the application,
api_tokens_created_callback_description,"Falls die Weiterleitung nicht funktioniert, kann der Token auch manuell kopiert werden:","If the redirect does not work, the token can also be copied manually:",
api_tokens_created_notice,Dieser Token wird nur einmal angezeigt. Bitte speichern Sie ihn jetzt.,This token is displayed only once. Please save it now.,
api_tokens_created_title,Es wurde ein neuer Token erstellt.,A new token was created.,
api_tokens_head_id,ID,ID,
api_tokens_head_name,Name,Name,
api_tokens_head_permissions,Berechtigungen,Permissions,
api_tokens_head_valid_since,Gültig seit,Valid from,
api_tokens_head_valid_until,Gültig bis,Valid to,
api_tokens_list_created_hint_pre,Erstellt: ,Created: ,"Tooltip auf dem Datum in der Tokens-Tabelle, wird vor einem Zeitstempel angezeigt"
api_tokens_list_expires_hint_pre,Ablaufdatum: ,Expiration date: ,"Tooltip auf dem Datum in der Tokens-Tabelle, wird vor einem Zeitstempel angezeigt"
api_tokens_list_new_button,Neuen Token erstellen,Create new token,
api_tokens_list_no_description,(Keine Beschreibung),No description),"Platzhalter-Text, falls ein Token keine Beschreibung hat."
api_tokens_list_revoke_btn_hint,Token zurückziehen.,Revoke token.,
api_tokens_list_revoke_confirm,"Sind Sie sicher, dass Sie diesen Token zurückziehen wollen?",Are you sure you want to revoke the token?,
api_tokens_list_revoked_title,Abgelaufene und zurückgezogene Tokens,Expired and revoked tokens,
api_tokens_list_scope_off,Nein,No,
api_tokens_list_scope_on,Ja,Yes,
api_tokens_list_scope_read,Lesen,Read,
api_tokens_list_scope_write,Schreiben,Write,
app_autocomplete_displayname_users,Nutzer/innen,Users,
app_autocomplete_displayname_delegations,Verantwortungs-Gruppen,Responsibility groups,
app_autocomplete_no_results,Keine Ergebnisse.,No results.,
app_autocomplete_user_delegation_postfix, (Verantwortungs-Gruppe), (Responsibility group)
app_autocomplete_enter_term,Suchbegriff eingeben für weitere Ergebnisse,Enter search term for further results,
app_autocomplete_extend_term,Suchbegriff erweitern für weitere Ergebnisse,Extend search term for further results,
app_confirm_form_leave_msg,"Diese Seite bittet Sie zu bestätigen, dass Sie die Seite verlassen möchten. Daten, die Sie eingegeben haben, werden unter Umständen nicht gespeichert.",Please confirm that you wish to leave this page – entered data might not be saved.,NOTE: German version copied from Firefox default message
app_notice_admin_mode_on,Admin-Modus aktiviert!,Admin mode activated!,
app_notice_admin_mode_off,Admin-Modus deaktiviert!,Admin mode deactivated!,
app_notice_logged_in,Sie haben sich angemeldet.,You have logged in.,
app_notice_logged_out,Sie haben sich abgemeldet.,You have logged out.,
app_notice_wrong_credentials,Falscher Benutzername/Passwort.,Incorrect username/password.,
app_notice_shibboleth_not_enabled,Die Anmeldung mittels Shibboleth ist nicht aktiviert!,Shibboleth sign in is not enabled!,
app_notice_shibboleth_missing_fields,"Die Authentifizierungsdaten von Shibboleth sind unvollständig. SURNAME, GIVENNAME und EMAIL sind Pflichtfelder!","Shibboleth authentication data is incomplete. SURNAME, GIVENNAME and EMAIL are required fields!",
app_warning_jsonly,"Diese Funktion erfordert JavaScript, aber es ist nicht aktiviert.","This feature requires Javascript, but it is not activated.",
authentication_groups,Systemgruppen,System groups,
batch_add_to_collection_hint,"Nach Sets suchen, zu denen Sie die Medieneinträge hinzufügen möchten.",Seach for sets to add media entries.,
batch_add_to_collection_post, Medieneinträge zu Set hinzufügen,Add media entries to set,(nach der Anzahl)
batch_add_to_collection_pre, ,,(vor der Anzahl)
batch_destroy_resources_ask_1,Möchten Sie folgende Inhalte löschen:,Do you want to delete the following items:,
batch_destroy_resources_ask_2, Medieneinträge, Media entries,
batch_destroy_resources_ask_3, Sets, Sets,
batch_destroy_resources_ask_4,(Die Inhalte von Sets werden nicht automatisch mit dem Set gelöscht.),"(When a set is deleted, the items of this set are not deleted at the same time.)",
batch_destroy_resources_cancel,Abbrechen,Cancel,
batch_destroy_resources_ok,OK,OK,
batch_destroy_resources_success,Inhalte wurden erfolgreich gelöscht.,Items are deleted successfully.,
batch_meta_data_edit,Metadaten für %{media_entry_count} Medieneinträge gleichzeitig editieren.,Edit metadata for %{media_entry_count} media entries at the same time.,
batch_remove_from_collection_cancel,Abbrechen,Cancel,
batch_remove_from_collection_question_part_1,Möchten Sie die ausgewählten ,Do you want to remove the selected ,
batch_remove_from_collection_question_part_2, Medieneinträge und , media entries and ,
batch_remove_from_collection_question_part_3, Sets aus dem Set entfernen?, sets from this set?,
batch_remove_from_collection_remove,Entfernen,Remove,
batch_remove_from_collection_title,Medieinträge/Sets aus Set entfernen,Remove media entries/sets from sets,
batch_warning_no_authorized_contents_collection,Sie haben für keines der Sets die nötige Berechtigung.,You have no permissions for these sets.,
batch_warning_no_authorized_contents_media_entry,Sie haben für keinen der Medieneinträge die nötige Berechtigung.,You have no permissions for these media entries.,
batch_warning_no_contents_collection,Sie haben keine Sets.,You have no sets.,
batch_warning_no_contents_media_entry,Sie haben keine Medieneinträge.,You have no media entries.,
batch_edit_title_title,Titel von Medieneinträgen editieren,Edit titles of media entries,
batch_edit_title_th_filename,Dateiname,File name,
batch_edit_title_th_title,Titel,Title,
batch_edit_title_save,Speichern,Save,
batch_edit_title_cancel,Abbrechen,Cancel,
browse_entries_browse_link_title,In diese Richtung weiterstöbern,Browse further in this direction,
browse_entries_filter_link,Weiter filtern →,Apply additional filter →,
browse_entries_loading_error,Ladefehler,Loading error,
browse_entries_title,Nach ähnlichen Inhalten stöbern,Browse similar items,
bubble_batch_label,Stapel,Batch,Wo: Labels in der Stapelverarbeitung
bubble_draft_label,Entwurf,Draft,Wo: Labels in der Stapelverarbeitung
clipboard_add_hint,Zur Stapelverarbeitung hinzufügen,Add to batch processing,
clipboard_adding_all_resources_cancelled,"Das Hinzufügen zur Stapelverarbeitung wurde abgebrochen. Ein Teil der Inhalte wurde schon hinzugefügt. Wenn Sie alle hinzufügen möchten, versuchen Sie es noch einmal. Schon hinzugefügte Inhalte werden nicht dupliziert.","The process of adding items to batch processing was interrupted. Some items were successfully added to batch processing. If you wish to add all items, please try again.Those items already added will not be duplicated.",
clipboard_adding_all_resources_error,Es konnten nicht alle Inhalte zur Stapelverarbeitung hinzugefügt werden. Bitte versuchen Sie es noch einmal. Schon hinzugefügte Inhalte werden nicht dupliziert.,It was not possible to add all items to batch processing. Please try again. Those items already added will not be duplicated.,
clipboard_adding_all_resources_retry,Nochmals, Again,
clipboard_adding_resources,Füge Inhalte zur Stapelverarbeitung hinzu …,Add items to batch processing …,
clipboard_ask_add_all_1,Möchten sie alle ,Would you like to add all ,
clipboard_ask_add_all_2, Inhalte zur Stapelverarbeitung hinzufügen?, items to batch processing?,
clipboard_ask_add_all_cancel,Abbrechen,Cancel,
clipboard_ask_add_all_ok,Ok,OK,
clipboard_batch_add_success,Die Inhalte wurden der Stapelverarbeitung hinzugefügt.,Items were added to batch processing.,
clipboard_batch_remove_success,Die Inhalte wurden aus der Stapelverarbeitung entfernt.,Items wer removed from batch processing.,
clipboard_empty_message,Sie haben keine Inhalte für die Stapelverarbeitung ausgewählt.,Batch processing is empty,
clipboard_fetching_resources,Lade Inhalte …,Items loading …,"Wieso sind da Pünktchen? -> Ist eine Zustandsanzeige, Nutzer wartet."
clipboard_removing_resources,Entferne Inhalte aus Stapelverarbeitung...,Remove items from batch processing ...,
collection_ask_delete_question_pre,"Sind Sie sicher, dass Sie folgendes Set löschen möchten: ",Are you sure you want to delete the following set:,
collection_ask_delete_title,Set löschen,Delete set,
collection_deleted,Dieses Set wurde gelöscht und ist für Benutzer nicht mehr sichtbar.,This set has been deleted and is no longer visible to users.
collection_delete_success,Set wurde gelöscht.,Set deleted.,
collection_does_not_exist,Dieses Set existiert nicht.,This set does not exist.,
collection_edit_cover_submit_btn,Speichern,Submit,
collection_edit_cover_title,Titelbild für Set festlegen,Define set cover,
collection_edit_highlights_btn,Auswahl speichern,Submit selection,
collection_edit_highlights_empty,Dieses Set hat noch keine Inhalte.,This set has no items yet.,
collection_edit_highlights_title,Inhalte hervorheben,Highlight items,
collection_edit_permissions_btn,Speichern,Submit,
collection_highlighted_contents,Hervorgehobene Inhalte,Highlighted items,
collection_layout_save,Darstellung festlegen,Save type of display,
collection_layout_saved,Darstellung gespeichert,Type of display saved,
collection_meta_data_header_prefix,Set editieren: ,Edit set:,
collection_new_cancel,Abbrechen,Cancel,
collection_new_create_set,Set erstellen,Create set,
collection_new_dialog_title,Set erstellen,Create set,
collection_new_dialog_parent_warning,The new created set will be added as a child to:,The new created set will be added as a child to:,
collection_new_flash_successful,Set wurde erstellt.,Set was created.,
collection_new_flash_title_needed,Titel ist ein Pflichtfeld.,Title is a mandatory field.,
collection_new_header,Neues Set,New set,
collection_new_label_title,Titel,Title,
collection_permissions_btn,Zugriffsberechtigungen ändern,Change permissions,
collection_relations_child_sets,Untergeordnete Sets,Child sets,
collection_relations_children_hint,Diese Sets wurden dem ausgewählten Set hinzugefügt.,These sets are now related to the selected set.,
collection_relations_current,Aktuelles Set,Current set,
collection_relations_hint_text,"Das ausgewählte Set ist mit anderen Sets verknüpft. Diese Zusammenhänge wurden aktiv durch Sie oder eine/n andere/n Nutzer/in festgelegt als übergeordnet, benachbart oder untergeordnet. Sie sehen hier sowohl eigene Sets, als auch solche, die andere Nutzer/innen mit Ihnen teilen.","The selected set is related to other sets. The relationship between these sets was actively defined by you or another user. The type of relationship to the other sets could be described as parent, siblings or children relationship. The displayed sets are owned by yourself or shared by other users with you.",
collection_relations_no_child_sets, , ,"Optionaler Hinweis, falls Zusammenhänge leer"
collection_relations_no_parent_sets, , ,"Optionaler Hinweis, falls Zusammenhänge leer"
collection_relations_no_sibling_sets, , ,"Optionaler Hinweis, falls Zusammenhänge leer"
collection_relations_parent_sets,Übergeordnete Sets,Parent sets,
collection_relations_parents_hint,Das ausgewählte Set wurde diesen Sets hinzugefügt.,The selected set is now related to this set.,
collection_relations_show_all,Alle anzeigen →,Show all →,
collection_relations_show_all_relations,Alle Zusammenhänge anzeigen,Show all relations,
collection_relations_sibling_sets,Benachbarte Sets,Sibling sets,
collection_relations_siblings_hint,Diese Sets wurden den gleichen Sets hinzugefügt wie das ausgewählte Set.,This set is related to the same sets as the selected set.,Wo: Zusammenhänge eines Sets
collection_resource_selection_cancel,Abbrechen,Cancel,
collection_resource_selection_h_author,Autor/in,Author,
collection_resource_selection_h_date,Datierung,Dating,
collection_resource_selection_h_keywords,Schlagworte,Keywords,
collection_resource_selection_h_responsible,Rechteinhaber,Holder of rights,
collection_resource_selection_h_selection,Auswahl,Selection,
collection_resource_selection_h_subtitle,Untertitel,Subtitle,
collection_resource_selection_h_title,Titel,Title,
collection_resource_selection_save,Auswahl speichern,Save selection,
collection_select_collection_flash_result,Set aus %{removed_count} Set(s) entfernt. Zu %{added_count} Set(s) hinzugefügt.,Removed set from %{removed_count} set(s). Added set to %{added_count} set(s).,
collection_sorting_created_at_asc,Sortieren nach Importierdatum aufsteigend,Sort by import date ascending,
collection_sorting_created_at_desc,Sortieren nach Importierdatum absteigend,Sort by import date descending,
collection_sorting_manual_asc,Sortieren manuell aufsteigend,Sort manually ascending,
collection_sorting_manual_desc,Sortieren manuell absteigend,Sort manually descending,
collection_sorting_last_change_desc,Sortieren nach letzter Änderung absteigend,Sort by date of update descending,
collection_sorting_last_change_asc,Sortieren nach letzter Änderung aufsteigend,Sort by date of update ascending,
collection_sorting_title_asc,Sortieren nach Titel alphabetisch,Sort by title alphabetically,
collection_sorting_title_desc,Sortieren nach Titel absteigend,"Sort by title alphabetically, but descending",
collection_tab_main,Set,Set,
collection_was_disfavored,Das Set wurde von den Favoriten entfernt.,Set was removed from favorites.,
collection_was_favored,Das Set wurde zu den Favoriten hinzugefügt.,Set was added to favorites.,
contents_privacy_private,Diese Inhalte sind nur für Sie zugänglich.,These items are only accessible to you.,
contents_privacy_public,Diese Inhalte sind öffentlich zugänglich.,These items are accessible to the public.,
custom_urls_canonical_hint,"Jeder Inhalt hat eine automatisch erzeugte, kanonische Adresse bestehend aus Zahlen und Buchstaben, eine sog. UUID (Universally Unique Identifier). Diese Adresse kann nicht übertragen oder entfernt werden und ist deshalb immer an erster Stelle aufgelistet.","Every item has a canonical address consisting of numbers und letters which is created automatically, a so- called UUID (Universally Unique Identifier). This address can not be transferred or deleted. For this reason it is always listed first.",
custom_urls_canonical_title,Kanonische Adresse (UUID),Canonical address (UUID),
custom_urls_flash_create_successful_1,Adresse ,Address ,
custom_urls_flash_create_successful_2, wurde erstellt., was created.,
custom_urls_flash_empty,Adresse darf nicht leer sein.,Address is not allowed to be empty.,
custom_urls_flash_exists_on_itself_collection_1,Die Adresse ,The address ,
custom_urls_flash_exists_on_itself_collection_2, existiert bereits für dieses Set., already exists for this set.,
custom_urls_flash_exists_on_itself_media_entry_1,Die Adresse ,The address ,
custom_urls_flash_exists_on_itself_media_entry_2, existiert bereits für diesen Medieneintrag., already exists for this media entry.,
custom_urls_flash_not_allowed_collection_1,Die Adresse ,The address ,
custom_urls_flash_not_allowed_collection_2," kann nicht übertragen werden. Sie haben nicht die Berechtigung das Set zu verwalten, auf welches die Adresse ", can not be transferred. You do not have permission to manage the set to which the address ,
custom_urls_flash_not_allowed_collection_3, im Moment verweist., is related to.,
custom_urls_flash_not_allowed_media_entry_1,Die Adresse ,The address ,
custom_urls_flash_not_allowed_media_entry_2," kann nicht übertragen werden. Sie haben nicht die Berechtigung den Medieneintrag zu verwalten, auf welchen die Adresse ", cannot be transferred. You do not have  permission to manage the media entry to which the address ,
custom_urls_flash_not_allowed_media_entry_3, im Moment verweist., is related to.,
custom_urls_flash_not_same_type_collection_1,Adresse ,The address ,
custom_urls_flash_not_same_type_collection_2, kann nicht übertragen werden. Adressen von Medieneinträgen können nicht auf Sets übertragen werden., can not be transferred. Addresses from media entries can not be transferred to sets.,
custom_urls_flash_not_same_type_media_entry_1,Adresse ,The address ,
custom_urls_flash_not_same_type_media_entry_2, kann nicht übertragen werden. Adressen von Sets können nicht auf Medieneinträge übertragen werden., cannot be transferred. Addresses from sets cannot be transferred to media entries.,
custom_urls_flash_primary_url_set_1,,,"Wo: Bestätigung CustomURL, vor der Adresse"
custom_urls_flash_primary_url_set_2, wurde als primäre Adresse gesetzt., was set as primary address.,"Wo: Bestätigung CustomURL, nach der Adresse"
custom_urls_flash_transfer_confirmation_collection_1,Die Adresse ,The address ,
custom_urls_flash_transfer_confirmation_collection_2, ist gegenwärtig dem Set , is currently related to the set  ,
custom_urls_flash_transfer_confirmation_collection_3, zugewiesen. Wollen Sie diese Adresse auf das Set ,. Would you like to transfer this address to the set ,
custom_urls_flash_transfer_confirmation_collection_4, übertragen?,?,
custom_urls_flash_transfer_confirmation_media_entry_1,Die Adresse ,The address ,
custom_urls_flash_transfer_confirmation_media_entry_2, ist gegenwärtig dem Medieneintrag , is currently related to the media entry  ,
custom_urls_flash_transfer_confirmation_media_entry_3, zugewiesen. Wollen Sie diese Adresse auf den Medieneintrag ,. Would you like to transfer this address to the media entry ,
custom_urls_flash_transfer_confirmation_media_entry_4, übertragen?,?,
custom_urls_flash_transfer_successful_1,Adresse ,Address  ,
custom_urls_flash_transfer_successful_2, wurde von , was transferred from  ,
custom_urls_flash_transfer_successful_3, auf , to ,
custom_urls_flash_transfer_successful_4, übertragen.,0,
custom_urls_flash_wrong_format_1,Adresse ,Address ,
custom_urls_flash_wrong_format_2, erfüllt die Anforderungen nicht., does not meet the requirements.,
custom_urls_manage_address_title,Adressverwaltung,Address administration,
custom_urls_new,Adresse anlegen / übertragen,Create / transfer address,
custom_urls_no_addresses_defined,Noch keine Adressen definiert.,No address defined yet.,
custom_urls_primary_hint,"Für jeden Inhalt (egal ob Medieneintrag oder Set) gibt es immer genau eine primäre Adresse. Diese ist in der Adressleiste des Browsers sichtbar, wenn der Inhalt angezeigt wird. Neben der primären Adresse können weitere gesetzt werden, die auf die primäre Adresse weiterleiten.",Each item (media entry or set) has exactly one primary address. This address is displayed in the browsersaddress bar when the item is accessed.You have the option to create other addresses which are forwarded to the primary address.,
custom_urls_primary_title,Primäre Adresse,Primary address,
custom_urls_table_header_actions,Aktionen,Actions,
custom_urls_table_header_address,Adresse,Address ,
custom_urls_table_header_created_by,Erstellt durch,Created by,
custom_urls_table_header_date,Datum,Date,
custom_urls_table_header_type,Typ,Type,
custom_urls_title,Adressen für ,Addresses for ,
dashboard_create_collection,Set erstellen,Create set,
dashboard_create_collection_btn,Set erstellen,Create set,
dashboard_create_media_entry_btn,Medien importieren,Upload media,
dashboard_none_exist,Keine vorhanden.,There are none.,
dashboard_show_all,Alle anzeigen,Show all,
dashboard_title_head,Mein Archiv,My archive,
deleted,gelöscht,deleted,
dynamic_filters_any_values_title,Jegliche Werte,Any values,
dynamic_filters_authorization,Berechtigung,Authorization,
dynamic_filters_visibility,Sichtbarkeit,Accessability,
dynamic_filters_visibility_private,Nur für mich,Only for me,
dynamic_filters_visibility_user_or_group,Geteilt mit Personen und Arbeitsgruppen,Shared with people and work groups,
dynamic_filters_person_header,Personen,Persons,
dynamic_filters_remove_all_title,Alle entfernen,Remove all,
dynamic_filters_role_header,Funktionen,Functions,
dynamic_filters_search_for_api_client_placeholder,Suche nach API-Applikation,Search for API client...,
dynamic_filters_search_for_delegation_placeholder,Suche nach Gruppe...,Search for group...,
dynamic_filters_search_for_group_placeholder,Suche nach Gruppe...,Search for group...,
dynamic_filters_search_for_user_placeholder,Suche nach User...,Search for user...,
dynamic_filters_search_for,Suche nach,Search for,
edit_custom_urls_back_to_collection,Zurück zum Set,Back to the set,
edit_custom_urls_back_to_media_entry,Zurück zum Medieneintrag,Back to the media entry,
edit_custom_urls_cancel,Abbrechen,Cancel,
edit_custom_urls_confirmation,Bestätigung,Confirmation,
edit_custom_urls_create_or_transfer,Adresse anlegen / übertragen,Create / transfer address,
edit_custom_urls_preferred_address,Gewünschte Adresse:,Preferred address:,
edit_custom_urls_requirements_hint,"Eine Adresse darf nur genau einmal im System vorkommen – entweder für einen Medieneintrag oder für ein Set. Sie beginnt immer mit einem Kleinbuchstaben, gefolgt von (mindestens einem) weiteren Zeichen aus Kleinbuchstaben, Nummern, Bindestrichen ( - ) und Grundstrichen ( _ ) in beliebiger Reihenfolge.","Each comprehensible address is unique in the system – either for a media entry or for a set. The address always begins with a lower case letter, followed by at least one other character. The following characters can bei lower case letters, numbers, hyphens ( - ) or low lines ( _ ) in any order.",
edit_custom_urls_requirements_title,Anforderungen,Requirements,
edit_custom_urls_set_primary,Als primäre Adresse setzen,Set as primary address,
edit_custom_urls_state_primary,Primäre Adresse,Primary address,
edit_custom_urls_state_transfer,Weiterleitung,Forwarding,
edit_custom_urls_title,Anforderungen,Requirements,
edit_custom_urls_transfer,Übertragen,Transfer,
edit_custom_urls_transfer_hint,"Eine bereits bestehende Adresse kann von einem Medieneintrag auf einen anderen oder von einem Set auf ein anderes übertragen werden. Bestehende Adressen können nicht von einem Medieneintrag auf ein Set und umgekehrt übertragen werden. Wollen Sie eine Adresse übertragen, dann geben Sie diese hier ein. Sie müssen für beide Inhalte über die Zugriffsberechtigung 'Verwalten' verfügen.","An existing address can be transferred from one media entry to another or from one set to another. Existing addresses cannfot be transferred from a media entry to a set or vice versa. If you want to transfer an address, please enter this address here. You have to have manage permissions for both items.",
edit_custom_urls_transfer_title,Übertragen,Transfer,
embed_error_title,"Fehler!","Error!",
embed_error_context_pre,"Angeforderte URL: ","Requested URL: ",
embed_error_context_post,"","",
embed_error_help_pre,"Hilfe: ","Help: ",
embed_error_help_post,"","",
embed_error_msg,"Dieser Inhalt kann nicht eingebettet werden.","This content cannot be embedded.",
embed_error_msg_403,"Dieser Inhalt kann nicht eingebettet werden, weil die nötigen Berechtigungen fehlen.","This content cannot be embedded because the necessary permissions are missing.",
embed_error_msg_404,"Der gewünschte Inhalt konnte nicht gefunden werden.","The requested content could not be found.",
error_401_title,"Um Zugang zu diesem Bereich zu erhalten, melden Sie sich bitte an.",To get access please login below with your user data.,
error_403_message,Bitte kontaktieren Sie die für die Ressource verantwortliche Person.,Please contact the responsible user for this resource.,
error_403_title,Sie haben keine Zugriffsrechte für diesen Inhalt.,You don’t have the necessary permissions to access this resource.,
error_404_title,Die gesuchte Seite kann nicht gefunden werden.,The requested page cannot be found.,
error_500_message,"Benötigen Sie diesbezüglich Hilfe, dann kontaktieren Sie bitte den Support (%{support_email}) mit einer Beschreibung Ihrer letzten Arbeitsschritte sowie einem Screenshot dieser Seite.","If you require help in this matter, please contact the support (%{support_email}) with a description of your last working steps and a screen shot of this page.",
error_500_message_pre,"Benötigen Sie diesbezüglich Hilfe, dann kontaktieren Sie bitte den Support (","If you require help in this matter, please contact the support (",
error_500_message_post,") mit einer Beschreibung Ihrer letzten Arbeitsschritte sowie einem Screenshot dieser Seite.",") with a description of your last working steps and a screen shot of this page.",
error_500_title,Es ist ein Server-Fehler aufgetreten.,A server error occurred.,
explore_keywords_section_title,Häufige Schlagworte,Frequent keywords,
explore_show_more,Weitere anzeigen,Show more,
explore_vocabulary_section_show_details,Details anzeigen,View details,
explore_vovabulary_section_title,Vokabulare,Vocabularies,
external_groups,Abteilungsgruppen,Division groups,
footer_choose_language,Sprache wählen,Choose language,
group_ask_delete_cancel,Abbrechen,Cancel,
group_ask_delete_delete,Löschen,Delete,
group_ask_delete_question_post, löschen?,?,
group_ask_delete_question_pre,Möchten Sie die Arbeitsgruppe ,Would you like to delete work group ,
group_ask_delete_title,Arbeitsgruppe löschen,Delete work group,
group_delete_confirm_msg,"Sind Sie sicher, dass Sie diese Arbeitsgruppe löschen wollen?",Are you sure you want to delete this work group?,
group_edit_at_least_one_member_delete,löschen,delete,VERB
group_edit_at_least_one_member_post,0,0,NACH dem Verb und Namen der Gruppe
group_edit_at_least_one_member_pre,Eine Arbeitsgruppe muss mindestens eine Person enthalten. Ganze Arbeitsgruppe ,A work group has at least one member. Whole work group,VOR dem Verb und Namen der Gruppe
group_edit_btn,Bearbeiten,Edit,
group_edit_cancel,Abbrechen,Cancel,
group_edit_form_new_member_login_hint,Login des neuen Mitglieds dieser Arbeitsgruppe,New work group member login,
group_edit_form_new_member_login_label,User hinzufügen,Add a member,
group_edit_form_save_btn,Speichern,Save,
group_edit_form_title_pre,Arbeitsgruppe bearbeiten: ,Edit work group: ,
group_edit_hint_remove_yourself,Achtung: Sie entfernen sich selbst aus der Arbeitsgruppe!,Attention: You are about to remove yourself from the work group!,
group_edit_member,Mitglieder,Members,
group_edit_name,Name,Name,
group_edit_person,Person,Person,
group_edit_save,Speichern,Save,
group_edit_username,Benutzername,Username,
group_meta_data_institutional_name,Name der Abteilungsgruppe,Division group name,
group_meta_data_name,Name,Name,
group_new_form_title,Neue Arbeitsgruppe erstellen,Create group,
group_new_group_btn,Neue Arbeitsgruppe,New work group,
group_show_edit_button,Arbeitsgruppe bearbeiten,Edit work group,
group_show_members,Mitglieder,Members,
group_show_permissions_use,(anwenden),(execute),
group_show_permissions_view,(betrachten),(view),
group_show_permissions_view_use,(betrachten und anwenden),(view and execute),
group_show_vocabulary_permissions,Berechtigungen Vokabulare,Permissions vocabularies,
group_toolbar_header_entrusted_resources,Mir anvertraute Medieneinträge,Entrusted media entries,
group_was_deleted,Arbeitsgruppe wurde gelöscht.,Work group has been deleted.,
home_page_new_contents,Neue Inhalte,New items,
internal_groups,Arbeitsgruppen,Work groups,
layout_mode_grid,Raster-Ansicht,Grid view,
layout_mode_list,Listen-Ansicht,List view,
layout_mode_miniature,Miniatur-Ansicht,Miniature view,
layout_mode_tiles,Kachel-Ansicht,Tile view,
login_box_internal,Externe,External users,
login_box_title,Anmelden,Log in,
login_box_login_btn,Anmelden,Log in,
login_box_email_or_login,E-Mail,Email,
login_box_password,Passwort,Password,
login_box_rememberme,Login merken,Remember me,
login_box_username,Benutzername,User name,
login_provider_aai_hint,Alle Funktionen nutzen und auf mehr Inhalte zugreifen.,Log in to use all features and access more items.,
login_provider_aai_title,AAI-Login,AAI login,
login_provider_zhdk_hint,Alle Funktionen nutzen und auf mehr Inhalte zugreifen.,Log in to use all features and access more items.,
login_provider_zhdk_title,ZHdK-Login,ZHdK login,
media_entry_all_metadata_title,Alle Metadaten nach Vokabularen,All metadata by vocabulary,
media_entry_ask_delete_question_pre,"Sind Sie sicher, dass Sie folgenden Medienintrag löschen möchten: ",Are you sure you want to delete the following media entry:,
media_entry_ask_delete_title,Medieneintrag löschen,Delete media entry,
media_entry_back_btn,Zurück,Back,
media_entry_conversion_hint,"Diese Datei wird gerade für eine Vorschau konvertiert. Sobald dies abgeschlossen ist, finden Sie hier eine abspielbare Version.","Currently the system is converting this file to a preview. As soon as the conversion is finished, you will be able to play the file here.",
media_entry_conversion_progress_post,% abgeschlossen.,% completed.,
media_entry_conversion_progress_pre,Konvertierung zu ,Conversion ,
media_entry_conversion_reload,"Laden Sie diese Seite neu, um den aktuellen Stand der Konvertierung zu erfahren.",Reload this page to display the current state of conversion.,
media_entry_conversion_status_failed,Die Konvertierung ist fehlgeschlagen. Bitte wenden Sie sich an den Support.,The file conversion has failed. Please contact support.,
media_entry_conversion_status_initialized,Die Konvertierung läuft. Bitte versuchen Sie es später noch einmal.,The media file is converting. Please try later.,
media_entry_conversion_status_submitted,Die Konvertierung läuft. Bitte versuchen Sie es später noch einmal.,The media file is converting. Please try later.,
media_entry_deleted,Dieser Medieneintrag wurde gelöscht und ist für Benutzer nicht mehr sichtbar.,This media entry has been deleted and is no longer visible to users.
media_entry_delete_success,Der Medieneintrag wurde gelöscht.,Media entry has been deleted.,
media_entry_duplicator_configuration_annotate_as_new_version_of_post,erstellen,,
media_entry_duplicator_configuration_annotate_as_new_version_of_pre,(Experte) Hinweis zu neuer Version inkl. Verlinkung zu,(Expert) Add annotation «new version of» and link to,
media_entry_duplicator_configuration_copy_meta_data,Metadaten übertragen,Copy meta data,
media_entry_duplicator_configuration_copy_permissions,Zugriffsberechtigungen übertragen,Copy permissions,
media_entry_duplicator_configuration_copy_relations,Zusammenhänge übertragen (übergeordnete Sets und Favoriten),Copy relations (parent collections & favorites),
media_entry_duplicator_configuration_move_custom_urls,(Experte) Sprechende Adresse (URL) übernehmen,(Expert) Move comprehensible Address (URL),
media_entry_duplicator_configuration_instructions,Folgende Optionen können gewählt werden:,Choose options below:,
media_entry_duplicator_custom_urls_already_moved,moved to the first successful upload!,moved to the first successful upload!,
media_entry_duplicator_desc_post,zugewiesen.,by selected options.,
media_entry_duplicator_desc_pre,"Die unten importierten Mediendateien bekommen die den nachfolgend gewählten Optionen entsprechenden Metadaten, Zugriffsberechtigungen, Beziehungen und weitere Einstellungen des aktuellen Medieneintrags","The media file to be imported below will get assigned meta data, permissions, relations and further settings from the actual media entry",
media_entry_duplicator_md_title_suffix,(updated),(updated),
media_entry_duplicator_new_version_of_label,Updated file,Updated file,
media_entry_export_close,Schliessen,Close,
media_entry_export_download,Exportieren,Download,
media_entry_export_has_no_original,Sie verfügen für den Export der Originaldatei nicht über die notwendige Berechtigung.,You are not allowed to download the original file.,
media_entry_export_no_content,Sie haben keine Zugriffsberechtigung für die Originaldatei und es steht keine Vorschau zur Verfügung.,You do not have permission to access the original file and there is no preview available.,
media_entry_export_original,Original,Original,
media_entry_export_original_hint,Originaldatei herunterladen.,Download original file.,
media_entry_export_subtitle_audios,Audio-Dateien,Audio files,
media_entry_export_subtitle_documents,Dokumente,Documents,
media_entry_export_subtitle_images,Bilder,Images,
media_entry_export_subtitle_videos,Video-Dateien,Video files,
media_entry_export_title,Medieneintrag exportieren,Download media entry,
media_entry_export_rdf_title,RDF-Export Metadaten,RDF export metadata,
media_entry_export_rdf_title_hint,(experimentell),(experimental),
media_entry_export_rdf_experiment_footnote,"Struktur und Format der Daten können sich ändern. Bitte geben sie eine Rückmeldung, falls Sie diese verwenden!","Data structure and format is subject to change. Please send feedback if you are using this!",
media_entry_file_format_not_supported_1,"Wahrscheinlich unterstützt Ihr Browser nicht die Darstellung dieses Dateiformats, aber Sie ","Your browser probably does not support the file format, but you can ",
media_entry_file_format_not_supported_2,können die Datei ,download the file,
media_entry_file_format_not_supported_3,exportieren.,0,
media_entry_file_information_title,Datei,File information,
media_entry_media_import_gotodrafts,Medieneinträge vervollständigen,Complete media entries,
media_entry_media_import_gotomediaentries,Weiter zu Meine Medieneinträge,Continue to My media entries,
media_entry_media_import_gotoworkflow,Weiter zum Workflow,Continue to Workflow,
media_entry_media_import_header,Medien importieren,Media upload,
media_entry_media_import_box_header_a,,,
media_entry_media_import_box_header_b, Upload(s), Upload(s),
media_entry_media_import_box_upload_status_waiting,Warten…,Waiting…,
media_entry_media_import_box_upload_status_error,Fehler!,Error!,
media_entry_media_import_box_upload_status_progress_a,Hochladen… ,Uploading… ,
media_entry_media_import_box_upload_status_progress_b,%,%,
media_entry_media_import_box_upload_status_processing,Verarbeiten…,Processing…,
media_entry_media_import_inside,Dateien auf dieses Feld ziehen oder ,Add files by drag and drop in this field or ,
media_entry_media_import_inside_nojs,Dateien auswählen,Select files,
media_entry_media_import_notes_msg,"Bilder (TIFF, JPEG, PNG) sowie Audio- und Videofiles in den gängigsten Formaten werden direkt verarbeitet und dargestellt. Bilder im CMYK-Farbraum werden nicht korrekt dargestellt. Wandeln Sie diese vor dem Importieren in RGB um.","Images (TIFF, JPEG, PNG) and audio/video files in the most common formats are processed and displayed directly. Images in the CMYK color model cannot be displayed correctly, please convert to RGB before uploading.",
media_entry_media_import_notes_title,Hinweise,Hints,
media_entry_media_import_select_media,Medien auswählen,Select media files,
media_entry_media_import_upload_error,überschreitet maximale Grösse von 16000 Pixel,exceeds size limit of 16000 pixel,
media_entry_media_import_title,"Bilder, Videos, Audio-Dateien oder Dokumente bereitstellen.","Add images, video or audio files, or other documents.",
media_entry_meta_data_edit_by_context_btn,Metadaten nach Kontexten bearbeiten,Edit metadata by context,
media_entry_meta_data_edit_by_vocab_btn,Metadaten nach Vokabularen bearbeiten,Edit metadata by vocabulary,
media_entry_meta_data_header_prefix,Medieneintrag editieren: ,Edit media entry: ,
media_entry_more_data_title,Verantwortlichkeit und Aktivität,Responsibility and activities,
media_entry_not_published_warning_msg,Bei diesem Medieneintrag fehlen noch Pflichtangaben.,Media entry still needs mandatory data.,
media_entry_relations_current,Aktueller Eintrag,Current entry,
media_entry_relations_hint_text,"Der ausgewählte Medieneintrag ist mit Sets verknüpft. Diese Zusammenhänge wurden aktiv festgelegt als übergeordnet oder benachbart. Sie sehen hier sowohl eigene Sets, als auch solche, die andere Nutzer/innen mit Ihnen teilen.","The selected media entry is connected to sets. These relations are actively defined as a parent, a sibling or a child relationship. The sets displayed here are your own or are shared with you by other users.",
media_entry_relations_parents_hint,Der ausgewählte Medieneintrag wurde diesen Sets hinzugefügt.,The selected media entry was added to these sets.,
media_entry_relations_siblings_hint,Diese Sets wurden den gleichen Sets hinzugefügt wie der ausgewählte Medieneintrag.,These sets were added to the same sets as the selected media entry.,
media_entry_select_collection_flash_result,Der Medieneintrag wurde aus %{removed_count} Set(s) entfernt und zu %{added_count} Set(s) hinzugefügt.,Media entry removed from %{removed_count} set(s) and added to %{added_count} set(s).,
media_entry_siblings_section_title,Weitere Medieneinträge im selben Set,Other media entries in the same set,
media_entry_siblings_parent_set,Übergeordnetes Set:,Parent set:,
media_entry_tab_main,Medieneintrag,Media entry,
media_entry_tab_more_data,Alle Metadaten,All metadata,
media_entry_tab_permissions,Berechtigungen,Permissions,
media_entry_tab_relations,Zusammenhänge,Relations,
media_entry_tab_usage_data,Nutzung,Usage,
media_entry_upload_btn,Importieren,Upload,
media_entry_was_disfavored,Der Medieneintrag wurde von den Favoriten entfernt.,Media entry was removed from favorites.,
media_entry_was_favored,Der Medieneintrag wurde zu den Favoriten hinzugefügt.,Media entry was added to favorites.,
meta_data_action_delete_btn,Löschen,Delete,
meta_data_action_edit_btn,Bearbeiten,Edit,
meta_data_batch_action_remove_meta_data,Werte für alle Inhalte löschen,Delete data for all content,
meta_data_batch_failure,Metadaten konnten nicht aktualisiert werden.,Metadata could not be updated.,
meta_data_batch_hint_differences,Unterschiedliche Metadaten vorhanden,Different metadata in place.,
meta_data_batch_hint_differences_override,"Achtung: Bestehende Werte werden durch Änderungen überschrieben! Wenn keine Änderungen vorgenommen werden, bleiben die verschiedenen Werte erhalten.","Attention: Changes will replace exiting data. If not changes are made, data will be preserved.",
meta_data_batch_hint_equal_data,Gleiche Metadaten vorhanden,Same metadata in place.,
meta_data_batch_hint_no_data,Noch keine Metadaten vorhanden,No metadata available yet.,
meta_data_batch_hint_value,Werte oder Text,Values or text,
meta_data_batch_item_selected,Medieneintrag selektiert,Media entry selected,
meta_data_batch_items_selected,Medieneinträge selektiert,Media entries selected,
meta_data_batch_more,weitere,More,
meta_data_batch_some_ignored_1,(,(,
meta_data_batch_some_ignored_2," Medieneinträge wurden ignoriert, da Sie nicht über die nötigen Berechtigungen verfügen)","Media entries were ignored, because you do not have the required permissions.)",
meta_data_batch_success,Metadaten wurden erfolgreich aktualisiert.,metadata have been updated successfully.,
meta_data_batch_summary_all_post, Medieneinträge wurden gespeichert., Media entries have been saved.,NACH der Anzahl
meta_data_batch_summary_all_pre,Alle ,All ,VOR der Anzahl
meta_data_batch_summary_missing, haben fehlende Pflichtangaben, have missing mandatory data,
meta_data_batch_summary_published, haben ausgefüllte Pflichtfelder, have mandatory data,
meta_data_batch_summary_were_published, hatten bereits ausgefüllte Pflichtfelder, already had mandatory data,
meta_data_batch_title_post_collections, Sets gleichzeitig editieren,Edit sets at the same time,
meta_data_batch_title_post_media_entries, Medieneinträge gleichzeitig bearbeiten, media entries at once,
meta_data_batch_title_pre,Metadaten für ,Edit metadata for ,
meta_data_blank_value_for_required_meta_key_post,0,0,
meta_data_blank_value_for_required_meta_key_pre,Kein Wert vorhanden für ,No value available for,
meta_data_collection_batch_summary_all_post, Sets wurden gespeichert., Sets were saved.,
meta_data_collection_batch_summary_all_pre,Alle ,All ,
meta_data_delete_confirm_msg,"Sind Sie sicher, dass Sie diese Werte löschen wollen?",Are you sure you want to delete these data?,
meta_data_edit_collection_saved,Set wurde gespeichert.,Set was saved.,
meta_data_edit_media_entry_published,Der Medieneintrag wurde gespeichert und alle Pflichtfelder sind ausgefüllt.,Media entry was saved and mandatory data have been entered.,
meta_data_edit_media_entry_saved,Der Medieneintrag wurde gespeichert.,Media entry was saved.,
meta_data_edit_media_entry_saved_missing,"Der Medieneintrag wurde gespeichert, aber es wurden nicht alle Pflichtfelder ausgefüllt.",Media entry was saved but there some mandatory data are missing.,
meta_data_edit_more_data,Weitere Angaben,More data,
meta_data_form_all_data,Alle Daten,All metadata,
meta_data_form_cancel,Abbrechen,Cancel,
meta_data_form_save,Speichern,Save,
meta_data_form_saving,Die Metadaten werden gerade gespeichert. Dies kann einige Zeit in Anspruch nehmen. Bitte gedulden Sie sich und schliessen Sie das Fenster nicht.,Meta data are currently being saved. This will take some time. Please be patient and do not close the browser.,
meta_data_form_submit_btn,Speichern,Save,
meta_data_header_text,Werte,Data,
meta_data_input_date_placeholder_duration_from,von,from,
meta_data_input_date_placeholder_duration_to,bis,to,
meta_data_input_date_placeholder_text,Freie Eingabe,Free text entry,
meta_data_input_date_placeholder_timestamp,wird als Text gespeichert,on,
meta_data_input_date_type_duration,von/bis,from/to,
meta_data_input_date_type_text,Freie Eingabe,Free text entry,
meta_data_input_date_type_timestamp,am,on,
meta_data_input_keywords_existing,Schlagwort ist bereits vergeben.,Keyword already assigned.,
meta_data_input_new_group_add,Arbeitsgruppe einfügen,Add work group,
meta_data_input_new_group_name,Name,Name,
meta_data_input_new_person_add,Person einfügen,Add person,
meta_data_input_new_person_first_name,Vorname,First name,
meta_data_input_new_person_last_name,Nachname,Last name,
meta_data_input_new_person_pseudonym,Pseudonym,Pseudonym,
meta_data_input_new_person_toggle,Neue Person oder Gruppe anlegen,Add new person or work group,
meta_data_input_person_save,Übernehmen,Apply,
meta_data_input_json_err_prefix,Eingabefehler: ,Input error: ,
meta_data_input_json_err_no_object,Wert ist nicht vom Typ 'Object'!,Value is not an 'Object'!,
meta_data_meta_key_documentation_url,> Online-Hilfe,click link for details,
meta_data_meta_key_label,Schlüssel,Key,
meta_data_role_add_another_btn,Weitere Funktion hinzufügen,Add another function,
meta_data_role_add_btn,Funktion hinzufügen,Add a function,
meta_data_role_add_heading,Funktion hinzufügen zu ,Add a function to,
meta_data_role_choose_label,Wählen Sie eine Funktion aus der Liste,Choose a function from the list,
meta_data_extensible_role_choose_label,Wählen Sie eine Funktion aus der Liste oder ergänzen Sie die Liste mit der gewünschten Funktion. Mit Enter die Eingabe abschliessen.,Choose a function from the list or enter the function and press Enter,
meta_data_role_edit_btn,Funktion bearbeiten,Edit function,
meta_data_role_edit_heading,Funktion bearbeiten,Edit the function of,
meta_data_role_remove_btn,Funktion entfernen,Remove function,
meta_data_type_label,Typ,Type,
meta_data_value_label,Wert,Data,
meta_datum_json_download_value,Link zu diesem Datensatz,Link to this dataset,
meta_datum_media_entry_label_id,Ressourcen-ID:,Resource ID:,
meta_datum_media_entry_label_string,Zusatztext:,additional text:,
meta_datum_media_entry_err_uuid_invalid,Ungültige UUID!,Invalid UUID!,
meta_datum_media_entry_value_unauthorized,Hinweis: Sie haben keinen Zugriff auf diese Ressource!,Notice: You do not have access to this resource!,
meta_datum_media_entry_value_not_found,Hinweis: Diese Ressource konnte nicht (mehr) gefunden werden!,Notice: This resource could not be found (anymore)!,
meta_key_order_alphabetical,a-z,a-z,
meta_key_order_alphabetical_hint,Die Schlagworte dieses Metadatenfeldes sind alphabetisch sortiert.,The keywords of this metakey are sorted alphabetically.,
meta_key_order_custom,redaktionell,editorial,
meta_key_order_custom_hint,Die Schlagworte dieses Metadatenfeldes sind redaktionell sortiert.,The keywords of this metakey are sorted editorially.,
no_content_fallback,Keine Inhalte vorhanden.,No items available.,
no_groups_fallback,Keine Arbeitsgruppen vorhanden.,No work groups available.,
no_keywords_fallback,Keine Schlagworte vorhanden.,No keywords available.,
no_relations_title,Es wurden keine Zusammenhänge gefunden.,No relations found.,
notifications_title_transfer_responsibility,Verantwortlichkeit übertragen,Transfer responsibility,
notifications_message_transfer_responsibility,"Verantwortlichkeit für %{resourceType} %{resource} wurde von %{user} an Sie übertragen.","The responsibility for %{resourceType} %{resource} was transferred from %{user} to you.",
notifications_message_transfer_responsibility_via_delegation,"Verantwortlichkeit für %{resourceType} %{resource} wurde von %{user} an %{viaDelegation} übertragen.","The responsibility for %{resourceType} %{resource} was transferred from %{user} to %{viaDelegation}.",
notifications_media_entry,Medieneintrag,media entry,
notifications_collection,Set,set,
notifications_acknowledge_all,Alle Notifikationen löschen,Delete all notifications,
notifications_really_acknowledge_all,Wirklich alle löschen?,Really delete all?,
notifications_acknowledge,Löschen,Delete,
notifications_acknowledge_date_tooltip,Alle Notifikationen vom %{date} löschen,Delete all notifications of %{date},
notifications_no_notifications,Keine Einträge vorhanden,No entries present,
notifications_section_expand,Alle anzeigen,Show all,
notifications_section_collapse,Anzeige reduzieren,Reduce,
notifications_section_show_more,Weitere Einträge anzeigen,Show more,
pagination_nav_loadnext,Mehr laden,Load more,
pagination_nav_nextloading,Mehr Inhalte werden geladen.,More items are being loaded.,
pagination_nav_nextpage,Nächste Seite,Next page,Wo: Manuelle Paginierung (ohne Javascript-Auto-Nachladen)
pagination_nav_prevpage,Vorangehende Seite,Previous page,Wo: Manuelle Paginierung (ohne Javascript-Auto-Nachladen)
pagination_nav_thispage,Diese Seite,This page,Wo: Manuelle Paginierung (ohne Javascript-Auto-Nachladen)
pagination_prefix,Seite ,Page ,Wo: Paginierung - Seitenanzeige (Zwischenbalken)
pagination_infix, von , of ,Wo: Paginierung - Seitenanzeige (Zwischenbalken)
pagination_postfix,,,Wo: Paginierung - Seitenanzeige (Zwischenbalken)
pagination_selection_label,Seite auswählen,Select page,Wo: Paginierung - Seitenanzeige (Zwischenbalken)
people_toolbar_header,Ähnliche Inhalte,Related items,
permission_entrusted_to_api_client,Sichtbar für API-Applikationen,Visible to API clients,
permission_entrusted_to_group,Sichtbar für Arbeitsgruppen,Visible to work groups,
permission_entrusted_to_user,Sichtbar für Nutzer/innen,Visible to users,
permission_name_edit_metadata,Metadaten editieren,Edit metadata,
permission_name_edit_metadata_and_relations,Metadaten editieren & Inhalte hinzufügen,Edit metadata and add items,
permission_name_edit_permissions,Zugriffsberechtigungen ändern,Edit permissions,
permission_name_get_full_size,Original exportieren & in PDF blättern,Download original & browse PDF,
permission_name_get_metadata_and_previews,Betrachten,View,
permission_name_use,Anwenden,Execute,bezieht sich auf Vokabulare!
permission_name_view,Betrachten,View,bezieht sich auf Vokabulare!
permission_overridden_by_public,(überschrieben durch die öffentlichen Berechtigungen),(overruled by public permissions),
permission_subject_name_public,Internet,Internet,
permission_subject_title_apiapps,API-Applikationen,API clients,
permission_subject_title_groups,Gruppen,Groups,
permission_subject_title_public,Öffentlichkeit,Public,
permission_subject_title_users,Nutzer/innen,Users,
permission_subject_title_users_or_delegations,Nutzer/innen / Verantwortungs-Gruppen,Users / Responsibility Groups,
permissions_batch_success,Berechtigungen wurden erfolgreich aktualisiert.,Permissions have been updated succesfully.,
permissions_batch_title_post, Inhalten., Items.,
permissions_batch_title_pre,Berechtigungen ändern von ,Edit permissions of ,
permissions_overview_yours_msg_end,", haben gegenwärtig als Nutzer/in oder als Mitglied einer Verantwortungs-Gruppe oder Arbeitsgruppe folgende Berechtigungen:",", currently have the following permissions (either directly or as a member of a
responsibility group or as a member of a work group):",
permissions_overview_yours_msg_start,"Sie, ","You, ",
permissions_overview_yours_title,Ihre Berechtigungen,Your permissions,
permissions_responsibility_title,Verantwortlichkeit,Responsibility,
permissions_responsible_user_and_responsibility_group_title,Verantwortliche/r Nutzer/in / Verantwortungs-Gruppe,Responsible user / Responsibility group,
permissions_responsible_user_and_responsibility_group_msg,Der/die verantwortliche/r Nutzer/in hat alle Berechtigungen zu den ausgewählten Inhalten und kann diese auch löschen.,The responsible user / responsibility group has all permissions for the selected content and can also delete it.,
permissions_responsible_delegation_title,Verantwortungs-Gruppe,Responsibility group,
permissions_responsible_user_title,Verantwortliche Person,Responsible user,
permissions_table_cancel_btn,Abbrechen,Cancel,
permissions_table_edit_btn,Bearbeiten,Edit,
permissions_table_remove_subject_btn,Berechtigung entfernen,Remove permission,
permissions_table_save_btn,Speichern,Save,
permissions_table_title,Zugriffsberechtigungen,Permissions,
permissions_transfer_responsibility_link,Verantwortlichkeit übertragen,Transfer responsibility,
person_edit_add_uri_btn,URI hinzufügen,Add URL,
person_edit_cancel_btn,Abbrechen,Cancel,
person_edit_editing_header,Bearbeiten,editing,
person_show_external_uris,Links,Links,
person_edit_preview,Vorschau,Preview,
person_edit_save_btn,Speichern,Save,
person_edit_name_readonly_hint,"Hinweis: Der eigene Name kann nicht geändert werden. Bitte wenden sie sich an den Support.","Notice: Your own name can not be changed .Please contact the support."
person_show_description,Kurzbiographie,Short biography,
person_show_edit_btn,Seite bearbeiten,Edit Page,
person_show_external_uris,Links,Links,
person_show_external_uris_autority_control,Verzeichnis(se),Register,
person_show_first_name,Vorname,First name,
person_show_last_name,Nachname,Last name,
person_show_only_name,Name,Name,
person_show_pseudonym,Pseudonym,Pseudonym,
picture_alt_fallback,(unbekannt),(unkown),
picture_alt_prefix,Bild: ,Picture:,Prefix für Titel von Bildern (hover-titel/Screenreader)
relations_parents_title,Übergeordnete Sets,Parents,
relations_siblings_title,Benachbarte Sets,Siblings,
relations_title,Zusammenhänge,Relations,
release_source_history,Source History,Source History,
release_info,Release Info,Release info,
release_local_git_version,Lokale Git Version,Local Git version,
resource_action_collection_create,Set erstellen,Create set,
resource_action_collection_destroy,Set löschen,Delete set,
resource_action_collection_disfavor,Aus Favoriten entfernen,Remove from favorites,
resource_action_collection_edit_cover,Titelbild festlegen,Define set cover,
resource_action_collection_edit_custom_urls,Sprechende Adressen verwalten,Manage comprehensible address,
resource_action_collection_edit_highlight,Inhalte hervorheben,Highlight items,
resource_action_collection_edit_metadata,Metadaten editieren,Edit metadata,
resource_action_collection_favor,Zu Favoriten hinzufügen,Add to favorites,
resource_action_collection_select_collection,Zu Set hinzufügen/entfernen,Add to/remove from set,
resource_action_collection_share,Set teilen,Share set,
resource_action_media_entry_destroy,Medieneintrag löschen,Delete media entry,
resource_action_media_entry_disfavor,Aus Favoriten entfernen,Remove from favorites,
resource_action_media_entry_edit_custom_urls,Sprechende Adressen verwalten,Manage comprehensible address,
resource_action_media_entry_edit_metadata,Metadaten editieren,Edit metadata,
resource_action_media_entry_export,Medieneintrag exportieren,Export media entry,
resource_action_media_entry_favor,Zu Favoriten hinzufügen,Add to favorites,
resource_action_media_entry_manage_confidential_links,Vertrauliche Links verwalten,Manage Confidential Links,
resource_action_media_entry_select_collection,Zu Sets hinzufügen / Aus Sets entfernen,Add to/remove from set,
resource_action_media_entry_share,Medieneintrag teilen,Share media entry,
resource_action_media_entry_update_file,Medieneintrag ersetzen,Replace media entry,
resource_action_more_actions,Weitere Aktionen,Further actions,
resource_action_show_in_admin,Zeige im Admin-Interface,Show in Admin Interface,
resource_ask_delete_cancel,Abbrechen,Cancel,
resource_ask_delete_ok,Löschen,Delete,
resource_ask_delete_question_post,?,?,
resource_meta_data_copyright_notice,Rechte am geistigen Eigentum,Copyright notice,
resource_meta_data_date,Datierung,Date,
resource_meta_data_description,Beschreibung,Description,
resource_meta_data_document_type,Dokumenttyp,Type of document,
resource_meta_data_fallback,Es sind keine Metadaten zu diesem Kontext bereitgestellt.,There are no metadata related to this context.,
resource_meta_data_has_validation_errors,Es gibt fehlerhafte Eingabefelder.,There are erroneously entry fields.,"Wo: Meldung wenn Metadaten fehlerhaft, z.B. fehlendes Pflichtfeld"
resource_meta_data_keywords,Schlagworte,Keywords,
resource_meta_data_resource_type,Medientyp,Media type,
resource_meta_data_responsible,Verantwortliche/r Nutzer/in,Responsible user,
resource_meta_data_saved_filter,Gespeicherter Filter,Saved filter,
resource_meta_data_title,Titel,Title,
resource_select_collection_cancel,Abbrechen,Cancel,
resource_select_collection_clear,Löschen,Clear,
resource_select_collection_has_more,Es gibt noch weitere Resultate. Bitte Suche verfeinern.,There are more results. Please refine the search.,
resource_select_collection_hint_more,Es wurden noch weitere Sets gefunden. Bitte verfeinern Sie Ihre Suche.,Additional sets were found. Please refine your search.,
resource_select_collection_new,Neue,New,
resource_select_collection_non_assigned,Inhalt ist noch keinem Set zugewiesen.,Item is not yet related to any set.,
resource_select_collection_non_found,Zu dieser Suche wurde kein Set gefunden.,No set was found.,
resource_select_collection_save,Speichern,Save,
resource_select_collection_search,Suchen,Search,
resource_select_collection_search_placeholder,Suche,Search,
resource_select_collection_title,Zu Set hinzufügen/entfernen,Add to/remove from set,
resource_thumbnail_contents,Inhalte,Items,
resource_thumbnail_sets,Sets,Sets,
resources_box_batch_actions_addalltoclipboard_1,Alle ,Add all ,
resources_box_batch_actions_addalltoclipboard_2, zur Stapelverarbeitung hinzufügen, to batch processing,
resources_box_batch_actions_addselectedtoclipboard,Ausgewählte zur Stapelverarbeitung hinzufügen,Add selected to batch processing,
resources_box_batch_actions_addtoset,Ausgewählte zu Set hinzufügen,Add selected to set,
resources_box_batch_actions_clear_clipboard,Stapelverarbeitung leeren,Empty batch processing,
resources_box_batch_actions_delete,Ausgewählte löschen,Delete selected,
resources_box_batch_actions_edit,Metadaten von Medieneinträgen editieren,Edit metadata for media entries,
resources_box_batch_actions_edit_title,Titel von Medieneinträgen editieren,Edit titles of media entries,
resources_box_batch_actions_edit_all_collections,Metadaten von allen Sets editieren,Edit metadata of all sets at once,
resources_box_batch_actions_edit_all_media_entries,Metadaten von allen Medieneinträgen editieren,Edit metadata of all media entries at once,
resources_box_batch_actions_edit_sets,Metadaten von Sets editieren,Edit metadata of sets,
resources_box_batch_actions_managepermissions,Berechtigungen von Medieneinträgen editieren,Edit permissions for media entries,
resources_box_batch_actions_menu_title,Aktionen,Actions,
resources_box_batch_actions_removefromclipboard,Ausgewählte aus der Stapelverarbeitung entfernen,Remove selected from batch processing,
resources_box_batch_actions_removefromset,Aus Set entfernen,Remove from set,
resources_box_batch_actions_sets_managepermissions,Berechtigungen von Sets editieren,Edit permissions for sets,
resources_box_batch_actions_transfer_responsibility_entries,Verantwortlichkeit von Medieneinträgen übertragen,Transfer responsibility of media entries,
resources_box_batch_actions_transfer_responsibility_sets,Verantwortlichkeit von Sets übertragen,Transfer responsibility of sets,
resources_box_batch_actions_meta_data_batch_new,BETA:,BETA:,
resources_box_batch_actions_meta_data_batch,Metadaten Stapelverarbeitung,Metadata Batch Processing,
resources_box_deselect_all,Alle abwählen,Deselect all,
resources_box_filter,Filtern,Filter,
resources_box_filters_note_post,"aus, um weitere Filterkriterien anwenden zu können.","in the Action bar to see more filter options.",
resources_box_filters_note_pre,Wählen Sie in der Aktionsleiste,Please select,
resources_box_filters_note_or,oder,or,
resources_box_new_search,Neue Suche,New search,
resources_box_no_content,Keine Inhalte verfügbar,No items available.,
resources_box_no_content_but_sets_1,Es gibt keine Medieneinträge für diese Suche. Es wurden aber ,There are no media entries related to this search process. But ,
resources_box_no_content_but_sets_2,Sets,sets,
resources_box_no_content_but_sets_3, gefunden., have been found.,
resources_box_reset_filter,Filter zurücksetzen,Reset filter,
resources_box_select_all,Alle auswählen,Select all,
resources_box_selection_limit_ok,Ok,Ok,
resources_box_selection_limit_page_1,"Die Seite kann nicht selektiert werden, da sonst die maximale Anzahl von ",This page cannot be selected because otherwise the maximum number of,
resources_box_selection_limit_page_2, ausgewählten Inhalten überstiegen würde., pages would be exceeded.,
resources_box_selection_limit_single_1,"Der Inhalt kann nicht selektiert werden, da sonst die maximale Anzahl von ","This item can not be selected, because otherwise the maximum number of",
resources_box_selection_limit_single_2, ausgewählten Inhalten überstiegen würde.,selected items would be exceeded.,
resources_box_selection_remove_selection,Auswahl entfernen,Remove selection,
resources_box_selection_select,Auswählen,Select,
resources_box_title_count_post,Inhalte,Items,
resources_box_batch_select_fields,Felder auswählen,Select fields,
resources_box_batch_enter_metadata,Metadaten eingeben,Enter metadata,
resources_box_batch_close,schliessen,close,
resources_box_batch_mandatory_fields,Pflichtfelder:,Mandatory fields:,
resources_box_batch_mandatory_field,Pflichtfeld,Mandatory field,
resources_box_batch_mandatory_field_for_media_entry,Pflichtfeld für Medieneinträge,Mandatory field for media entries,
resources_box_batch_field_only_for_entries_and_sets,Dieser Wert wird auf Medieneinträge und auf Sets angewendet,This value is applied on media entries and on sets,
resources_box_batch_field_only_for_sets,Dieser Wert wird nur auf Sets angewendet,This value is applied only on sets,
resources_box_batch_field_only_for_entries,Dieser Wert wird nur auf Medieneinträge angewendet,This value is applied only on media entries,
resources_box_batch_load_all_pages,Es werden alle Inhalte geladen...,Loading all content...,
resources_box_batch_apply_on_all_1,Auf alle ,Apply on all ,
resources_box_batch_apply_on_all_2, Inhalte anwenden, entries,
resources_box_batch_apply_on_selected_1,Auf ,Apply on ,
resources_box_batch_apply_on_selected_2, Inhalte anwenden, entries,
resources_box_batch_all_content,Alle Inhalte,All content,
resources_box_batch_selected_content,Ausgewählte Inhalte,Selected content,
resources_box_batch_stats_total,Total:,Total:,
resources_box_batch_stats_where_loaded,davon geladen:,loaded:,
resources_box_batch_stats_where_editable,davon editierbar:,editable:,
resources_box_batch_stats_where_selected,selektiert:,selected:,
resources_box_batch_stats_entries,Medieneinträge,Media Entries,
resources_box_batch_stats_collections,Sets,Sets,
resources_box_batch_fill_in_all_fields_hint,Bitte füllen Sie alle Felder aus oder schliessen Sie Felder ohne Eingaben. Sonst können Sie ihre Eingaben nicht speichern.,Please fill in all fields or remove the ones without data. Otherwise you cannot save the data.,
resources_box_batch_please_wait_and_done_leave,Bitte warten und die Ansicht nicht verlassen.,Please wait and do not leave this page.,
resources_box_batch_loading_stats_total," total, "," total, ",
resources_box_batch_loading_stats_applying," am speichern, "," are saving, ",
resources_box_batch_loading_stats_pending," am warten, "," are waiting, ",
resources_box_batch_loading_stats_done, sind fertig, are done,
resources_box_batch_loading_stats_failed, fehlgeschlagen, failed,
resources_box_batch_cancel_waiting,wartende abbrechen,cancel waiting,
resources_box_batch_processing_successful, erfolgreich verarbeitet, successfully processed,
resources_box_batch_ignore_failures,Fehler ignorieren,Ignore failures,
resources_box_batch_status_applying,am speichern,applying,
resources_box_batch_status_done,fertig,done,
resources_box_batch_status_waiting,am warten,waiting,
resources_box_batch_status_cancelled,abgebrochen,cancelled,
resources_box_batch_status_apply,anwenden,apply,
resources_box_batch_status_retry,erneut,retry,
resources_box_batch_add_to_existing,zu bestehenden hinzufügen,add to existing,
resources_box_batch_replace_existing,bestehende ersetzen,replace existing,
resources_box_batch_entry_contexts,Kontexte Medieneinträge,Contexts Media Entries,
resources_box_batch_set_contexts,Kontexte Sets,Contexts Sets,
resources_box_batch_all_data,Alle Daten,All data,
resources_box_batch_search_placeholder,Suchen...,Search...,
resources_box_batch_person_widget_firstname,Vorname,Firstname,
resources_box_batch_person_widget_lastname,Nachname,Lastname,
resources_box_batch_person_widget_pseudonym,Pseudonym,Pseudonym,
resources_box_batch_person_widget_add_person,Person einfügen,Add person,
resources_box_batch_person_widget_name,Name,Name,
resources_box_batch_person_widget_add_group,Arbeitsgruppe einfügen,Add group,
resources_box_batch_person_widget_tab_person,Person,Person,
resources_box_batch_person_widget_tab_group,Gruppe,Group,
resources_box_info_header_no_system_groups,In dieser Auflistung werden %{system_groups_name} nicht berücksichtigt.,%{system_groups_name} are not taken into account.,
resources_box_info_header_system_groups_name,Systemgruppen,System groups,
resources_section_show_all,Alle anzeigen →,Show all →,
resources_type_all,Alle,All,
responsibility_groups,Verantwortungs-Gruppen,Responsibility groups,
search_btn_search,Suchen,Search,
search_filename,Filename,File name,
search_full_text,Volltext,Full text,
section_title_collections,Meine Sets,My sets,
section_title_groups,Meine Gruppen,My groups,
section_title_keywords,Meine Schlagworte,My keywords,
section_title_media_entries,Meine Medieneinträge,My media entries,
section_title_tokens,Meine Tokens,My tokens,
session_expiring_soon,Sie werden in weniger als %{minutes} Minuten ausgeloggt. Speichern Sie Ihre Eingaben und melden sich neu an.,You will be logged out in less than %{minutes} minutes. Save your input and log in again.
share_back_to_collection,Zurück zum Set,Back to the set,
share_back_to_media_entry,Zurück zum Medieneintrag,Back to the media entry,
share_close,Schliessen,Close,
share_custom_url_hint_collection,"Falls eine «sprechende Adresse» definiert wurde und Sie diese nutzen möchten (z.B. …/annas-neueste-arbeiten), dann verwenden Sie folgende URL:","If a "comprehensible address" has been defined and you would like to use it (e.g., …/latest-works-by-anna), use the following URL:",
share_custom_url_hint_media_entry,"Falls eine «sprechende Adresse» definiert wurde und Sie diese nutzen möchten (z.B. …/annas-neueste-arbeit), dann verwenden Sie folgende URL:","If a "comprehensible address" has been defined and you would like to use it (e.g., …/latest-work-by-anna), use the following URL:",
share_custom_url_none_available,Es ist keine sprechende Adresse angelegt.,No comprehensible address has been defined.,
share_custom_url_subtitle,Sprechende Adresse teilen,Share comprehensible address,
share_embed_hint_iframe,"Falls dies von Ihrem gewünschen System nicht unterstützt wird, kopieren Sie den nachfolgenden iFrame-Code und fügen diesen als HTML-Element in das gewünschte System ein.","If your desired system does not support this, copy the following iFrame code and paste it into the desired system as an HTML element.",
share_embed_hint_iframe_code,"IFrame-Code","IFrame Code",
share_embed_hint_oembed,"Viele Content Management Systeme lassen einfaches Einbetten von Inhalten via oEmbed zu. Dazu kopieren Sie die URL oben und fügen sie in ein Inhaltselement ein.","Many content management systems allow easy embedding of content via oEmbed. To do so, copy the URL above and paste it into a content element.",
share_embed_hint_subtitle,"Medieneintrag einbetten","Embed Media Entry",
share_title_collection,Set teilen,Share set,
share_title_media_entry,Medieneintrag teilen,Share media entry,
share_uuid_url_hint_collection,"Möchten Sie dieses Set teilen? Verwenden Sie dazu folgende URL.","Would you like to share this set? Use the following URL.",
share_uuid_url_hint_exporter,Auch für den Export mit dem Madek-Exporter wird diese URL benötigt.,This URL is also required for exporting with the Madek exporter.,
share_uuid_url_hint_media_entry,"Möchten Sie diesen Medieneintrag teilen? Verwenden Sie dazu folgende URL.","Would you like to share this media entry? Use the following URL.",
share_uuid_url_subtitle,URL teilen,Share URL,


settings_notifications_title,Notifikationen,Notifications,
settings_notifications_info1,Notifikationen werden unter %{notifications} aufgeführt und optional per E-Mail verschickt.,Notifications are listed under %{notifications} and optionally sent via email.,
settings_notifications_info2,Notifikationen werden nach 6 Monaten gelöscht,Notifications will be removed after 6 months,
settings_notifications_info3,Die Einstellungen für die E-Mail-Notifikationen finden Sie nachstehend:,Choose your settings for e-mail notifications below:,
settings_notifications_email_label,An folgende E-Mail-Adresse bekommen Sie Notifikationen zugestellt:,Notifications will be sent to the following e-mail address:,
settings_notifications_locale_label,Die E-Mails werden in folgender Sprache verschickt:,You will receive emails in,
settings_notifications_locale_de,Deutsch,German,
settings_notifications_locale_en,Englisch,English,
settings_notifications_title_transfer_responsibility,Verantwortlichkeit übertragen,Transfer responsibility,
settings_notifications_title_weather_report,Wetterbericht,Weather report,
settings_notifications_email_frequency_label,In welcher Häufigkeit möchten Sie E-Mails erhalten?,Frequency of email notification:,
settings_notifications_email_frequency_immediately,sofort,immediately,
settings_notifications_email_frequency_daily,täglich (Zusammenfassung),daily (digest),
settings_notifications_email_frequency_weekly,wöchentlich (Zusammenfassung),weekly (digest),
settings_notifications_email_frequency_never,keine,none,
settings_save_changes,Einstellungen speichern,Save settings,
settings_saved_changes,Einstellungen wurden gespeichert,Settings have been saved,
sitemap_activities,Aktivitäten,Activities,
sitemap_notifications,Notifikationen,Notifications,
sitemap_api,API,API,
sitemap_clipboard,Stapelverarbeitung,Batch processing,
sitemap_collections,Sets,Sets,
sitemap_entries,Medieneinträge,Media entries,
sitemap_explore,Erkunden,Explore,
sitemap_filter_sets,Filtersets,Filter sets,
sitemap_help,Hilfe,Support,
sitemap_media_entries,Medieneinträge,Media entries,
sitemap_metakey,Metakey,Metakey,
sitemap_metakey_id,Metakey-ID,Metakey ID,
sitemap_my_archive,Mein Archiv,My archive,
sitemap_my_clipboard,Stapelverarbeitung,Batch processing,
sitemap_my_content_collections,Sets,Sets,
sitemap_my_content_media_entries,Medieneinträge,Media entries,
sitemap_my_delegated_collections,Sets in gemeinsamer Verantwortung,Sets with joint responsibility,
sitemap_my_delegated_media_entries,Medieneinträge in gemeinsamer Verantwortung,Media entries with joint responsibility,
sitemap_my_entrusted_collections,Mir anvertraute Sets,My entrusted sets,
sitemap_my_entrusted_filter_sets,Mir anvertraute Filtersets,My entrusted filter sets,
sitemap_my_entrusted_media_entries,Mir anvertraute Medieneinträge,My entrusted media entries,
sitemap_my_favorite_collections,Favoriten-Sets,Favorite sets,
sitemap_my_favorite_media_entries,Favoriten-Medieneinträge,Favorite media entries,
sitemap_my_groups,Gruppen,Groups,
sitemap_my_latest_imports,Letzte Importe,Last imports,
sitemap_my_unpublished,Unvollständige Medieneinträge,Incomplete media entries,
sitemap_my_used_keywords,Schlagworte,Keywords,
sitemap_search,Suche,Search,
sitemap_tokens,Tokens,Tokens,
sitemap_settings,Einstellungen,Settings,
sitemap_vocabularies,Vokabulare,Vocabularies,
confidential_links_help_title,Hinweise,Hints,
sitemap_vocabulary,Vokabular,Vocabulary,
confidential_links_help_text,"Vertrauliche Links ermöglichen den direkten Zugriff auf Medieneinträge, auch wenn sie nicht öffentlich sichtbar sind.
Diese Links ermöglichen somit auch Benutzern ohne Login einen Zugang zum Medieneintrag. Binden Sie Vertrauliche Links nicht in öffentlich zugängliche Webseiten ein, sonst werden die regulären Zugriffsberechtigungen wirkungslos.
Vertrauliche Links können nur vom Verantwortlichen eines Medieneintrags erstellt und zurückgezogen werden. Die Links können mit einem Verfallsdatum erstellt oder zeitlich unbeschränkt erstellt werden.","Confidential Links can be used to enable access to Entries without making them publicly visible.
These Links therefore also make it possible to share Entries with Users that don't have a login. Please do not share or embed Confidential Links onto publicly accessible websites, because it would render the regular permission settings useless.
Confidential Links can only be created by the responsible user of an Entry. They can be manually revoked at any time, and optionally be set to expire automatically after a set day.",
confidential_links_header,Vertrauliche Links,Confidential Links,
confidential_links_title_pre,Vertrauliche Links für ,Confidential Links for ,
confidential_links_title_post,Zurück zum Set,Back to the set,
confidential_links_back_to_media_entry,Zurück zum Medieneintrag,Back to the media entry,
confidential_links_create_title,Neuen Vertraulichen Link erstellen,Create a new Confidential Link,
confidential_links_create_description,Beschreibung,Description,
confidential_links_create_submit,Vertraulichen Link erstellen,Create Confidential Link,
confidential_links_create_set_expiration_date,Ablaufdatum einstellen,Set expiration date,
confidential_links_create_cancel,Abbrechen,Cancel,
confidential_links_created_title,Neuer Vertraulicher Link erstellt,New Confidential Link created,
confidential_links_created_back_btn,Zurück zu allen Vertraulichen Links,Go back to all Confidential Links,
confidential_links_created_notice,Vertraulicher Link erstellt!,Confidential Link was created!,
confidential_links_show_link_for_copy,Link zum kopieren:,Link to copy:,
confidential_links_show_embedcode_for_copy,Embed-Code zum kopieren:,Embed-Code to copy:,
confidential_links_show_embed_link,Embed-Link:,Embed-link:,
confidential_links_show_embed_code_iframe,HTML-Code/iframe:,HTML-code/iframe:,
confidential_links_list_created_hint_pre,Erstellt: ,Created: ,
confidential_links_list_expires_hint_pre,Ablaufdatum: ,Expiration date: ,
confidential_links_list_no_expiry,Nie,Never,
confidential_links_list_new_button,Neuen Vertraulichen Link erstellen,Add a new Confidential Link,
confidential_links_list_no_description,(Keine Beschreibung),(No description),
confidential_links_list_revoke_btn_hint,Zurückziehen,Revoke,
confidential_links_list_revoke_confirm,"Sind Sie sicher, dass Sie diesen Vertraulichen Link zurückziehen wollen?",Are you sure you want to revoke this Confidential Link?,
confidential_links_list_revoked_title,Abgelaufene und zurückgezogene Vertrauliche Links,Expired and revoked Confidential Links,
confidential_links_list_show_url,Link anzeigen,Show Link,
confidential_links_list_copy_url,Vertraulichen Link kopieren,Copy Confidential Link,
confidential_links_head_id,ID,ID,
confidential_links_head_name,Name,Name,
confidential_links_head_token,Token,Token,
confidential_links_head_valid_since,Erstellt am,Created at,
confidential_links_head_valid_until,Läuft ab,Expires at,
confidential_links_show_title,Vertraulicher Link,Confidential Link,
confidential_links_access_notice,Dieser Medieneintrag wurde über einen Vertraulichen Link aufgerufen. Die URL dieser Seite darf nur einem eingeschränkten Personenkreis zugänglich sein.,This Entry was accessed via a Confidential Link. The URL of this page shall only be made accessible to a limited group of people.,
transfer_responsibility_batch_success_collection_1,Sie haben für ,You have successfully transferred responsibility for ,
transfer_responsibility_batch_success_collection_1a, Set , set ,
transfer_responsibility_batch_success_collection_1b, Sets , sets ,
transfer_responsibility_batch_success_collection_2, die Verantwortlichkeit erfolgreich übertragen.,0,
transfer_responsibility_batch_success_media_entry_1,Sie haben für ,You have successfully transferred responsibility for ,
transfer_responsibility_batch_success_media_entry_1a, Medieneintrag , media entry,
transfer_responsibility_batch_success_media_entry_1b, Medieneinträge, media entries,
transfer_responsibility_batch_success_media_entry_2, die Verantwortlichkeit erfolgreich übertragen.,0,
transfer_responsibility_cancel,Abbrechen,Cancel,
transfer_responsibility_currently_responsible,Bisher verantwortlich,Currently responsible,
transfer_responsibility_to,Verantwortlichkeit übertragen auf,Transfer responsibility to,
transfer_responsibility_for_1_media_entry,für 1 Medieneintrag,for 1 media entry,
transfer_responsibility_for_n_media_entries,für %{nofResources} Medieneinträge,for %{nofResources} media entries,
transfer_responsibility_for_1_collection,für 1 Set,for %{nofResources} set,
transfer_responsibility_for_n_collections,für %{nofResources} Sets,for %{nofResources} sets,
transfer_responsibility_multiple_will_receive,Die bisher Verantwortlichen behalten folgende Berechtigungen:,The ones currently responsible are retaining the following permissions:,
transfer_responsibility_single_will_receive,%{name} behält folgende Berechtigungen:,%{name} is retaining the following permissions:,
transfer_responsibility_submit,Übertragen,Transfer,
transfer_responsibility_success_collection,Sie haben die Verantwortlichkeit für das Set erfolgreich übertragen.,You have successfully transferred responsibility for the set.,
transfer_responsibility_success_media_entry,Sie haben die Verantwortlichkeit für den Medieneintrag erfolgreich übertragen.,You have successfully transferred responsibility for the media entry.,
transfer_responsibility_title_single,Verantwortlichkeit übertragen,Transfer responsibility,
transfer_responsibility_title_batch,Verantwortlichkeit %{forNResources} übertragen,Transfer responsibility %{forNResources},
transfer_responsibility_you_will_receive,"Sie, %{name}, behalten folgende Berechtigungen:","You, %{name}, are retaining the following permissions:",
usage_data_created_at,Erstellt am,Created on,
usage_data_import_at,Importiert am,Imported on,
usage_data_import_by,Importiert durch,Imported by,
usage_data_last_changes_empty,Es wurden noch keine Änderungen festgehalten.,No changes have been recorded yet.,
usage_data_last_changes_title,Letzte Änderungen der Metadaten,Last change of metadata,
usage_data_relations_children,Set enthält,Set is related to,
usage_data_relations_parents,Übergeordnete Sets,Parent sets,
usage_data_relations_title,Zusammenhänge,Relations,
usage_data_responsibility_title,Verantwortlichkeit und Aktivitäten,Responsibility and activities,
usage_data_responsible,Verantwortliche/r Nutzer/in / Verantwortungs-Gruppe,Responsible user / responsibility group,
usage_terms_accept_btn,Nutzungsbedingungen akzeptieren,Accept usage terms,
usage_terms_reject_btn,Ablehnen,Reject usage terms,
user_menu_admin_mode_toogle_off,Admin-Modus beenden,Stop admin mode,
user_menu_admin_mode_toogle_on,In Admin-Modus wechseln,Switch to admin mode,
user_menu_admin_ui,Admin-Interface öffnen,Open admin interface,
user_menu_login_btn,Anmelden,Log in,
user_menu_logout_btn,Abmelden,Log out,
user_menu_my_content_collections,Meine Sets,My sets,
user_menu_my_content_media_entries,Meine Medieneinträge,My media entries,
user_menu_my_favorite_collections,Favoriten - Sets,Favorites - sets,
user_menu_my_favorite_media_entries,Favoriten - Medieneinträge,Favorites - media entries,
user_menu_my_groups,Meine Gruppen,My groups,
user_menu_my_person,Meine Person,My person,
user_menu_upload,Medien importieren,Upload media,
user_name_deactivated,[Gelöschter User],[Deleted user],
vocabularies_all,Alle Vokabulare,All vocabularies,
vocabularies_contents_hint_1,Alle Inhalte mit Metadaten des Vokabulars ,All items with metadata related to the vocabulary,
vocabularies_contents_hint_2,". Sie sehen nur Inhalte, für die Sie berechtigt sind.",. You can see only items you have permissions for.,
vocabularies_keywords_hint_1,Alle im Vokabular ,All keywords contained in the vocabulary ,
vocabularies_keywords_hint_2, enthaltenen Schlagworte und die dazugehörenden Metadatenfelder., and related meta data fields.,
vocabularies_no_description,(Keine Beschreibung),(No description available),
vocabularies_no_keywords,Keine Schlagworte vorhanden.,No keywords available.,
vocabularies_no_people,Keine Personen vorhanden.,Keine Personen vorhanden.,
vocabularies_people_hint_1,Alle im Vokabular ,Alle im Vokabular ,
vocabularies_people_hint_2, enthaltenen Personen und die dazugehörenden Metadatenfelder., enthaltenen Personen und die dazugehörenden Metadatenfelder.,
vocabularies_tabs_contents,Inhalte,Items,
vocabularies_tabs_keywords,Schlagworte,Keywords,
vocabularies_tabs_people,Personen,People,
vocabularies_tabs_permissions,Berechtigungen,Permissions,
vocabularies_tabs_vocabulary,Vokabular,Vocabulary,
vocabulary_permissions_hint1,"Für dieses Vokabular können die Berechtigungen ""Betrachten"" und ""Anwenden"" vergeben werden. Wenn Sie Mitglied einer berechtigten Arbeitsgruppe sind, können Sie weitere Personen zu dieser hinzufügen oder daraus entfernen. Bitte überlegen Sie Änderungen gut, da über Arbeitsgruppen auch weitere Berechtigungen gesteuert werden.","This vocabulary can be managed with the permissions ""View"" and ""Execute"". If you are member of a work group which owns permissions, you are able to add or remove further users. Think carefully before you make changes to work groups as this may affect other permissions.",
vocabulary_permissions_hint2,"Weitere Berechtigungen für Personen, Arbeitsgruppen, API-Applikationen oder die Öffentlichkeit werden durch den Administrator vergeben – bitte wenden Sie sich an den Support.","Further permissions for persons, work groups, API clients or public usage are granted by the administrator. Please contact  support.",
vocabulary_term_info_contents,Inhalte,Items,
vocabulary_term_info_description,Beschreibung,Description,
vocabulary_term_info_rdfclass,Typ,Type,
vocabulary_term_info_term,Begriff,Term,
vocabulary_term_info_url,URL,URL,
vocabulary_term_info_urls,URLs,URLs,
workgroup_link_to_contents_text,Inhalte,Items,
workgroup_link_to_contents_title,Inhalte dieser Arbeitsgruppe anzeigen,Show items of this work group,
workgroup_members_table_is_member,Mitglied?,Member?,
workgroup_members_table_login,Login,Login,
workgroup_members_table_title,Mitglieder,Members,
workflow_actions_back,"Zurück","Go back"
workflow_actions_finish,"Abschliessen…","Finish…"
workflow_actions_validate,"Prüfen","Check"
workflow_actions_validating,"Prüfen…","Checking…"
workflow_add_md_by_metakey,"Hinzufügen","Add"
workflow_adder_meta_key_already_used,"Metakey ist schon verwendet","Metakey already used"
workflow_associated_collections_explain,In diesem Workflow-Set enthaltene Medieneinträge und Sets können bis zum Abschluss nur als Teil dieses Workflows bearbeitet werden.,Content contained in this workflow-set may only be edited until this workflow will be finished.,
workflow_associated_collections_title,"Set mit Inhalten","Set with content"
workflow_associated_collections_upload,"Medien hinzufügen","Add media"
workflow_common_settings_explain_metadata,"Die für diesen Workflow relevanten Metadaten-Felder und ihre Einstellungen und Werte. ","The metadata fields relevant to these workflows and their settings and values. "
workflow_common_settings_explain_metadata2,"„Fixe Werte“ können nur an dieser Stelle vergeben werden und werden bei Abschluss des Workflows auf alle Inhalte angewendet. Felder mit „Individueller Vergabe“ stehen im Schritt „Daten eingeben“ zur massenweise Eingabe zur Verfügung.","“Fixed values” can only be assigned at this point and will be applied to all content when the process is being finished. Fields with “Individual assignment” are available in the “Enter data” step for mass input."
workflow_common_settings_explain_permissions,"",""
workflow_common_settings_explain,"Folgende Angaben und Einstellungen gelten für alle enthaltenen Medieneinträge und Sets und werden mit Abschluss des Workflows permanent angewendet.","These data and settings apply to all contents and are permanently applied at the end of the process.",
workflow_common_settings_metadata_title,Meta-Daten,MetaData,
workflow_common_settings_permissions_add_api_client,API-Client hinzufügen,Add API-Client,
workflow_common_settings_permissions_add_group,Gruppe hinzufügen,Add group,
workflow_common_settings_permissions_add_user,Nutzer/innen hinzufügen,Add user,
workflow_common_settings_permissions_read_public,Öffentlicher Zugriff (Internet),Public access (Internet),
workflow_common_settings_permissions_read,Nur Leserechte,Only reading permissions,
workflow_common_settings_permissions_responsible,Verantwortliche/r Nutzer/in / Verantwortungs-Gruppe,Responsible user / responsibility group,
workflow_common_settings_permissions_select_owner,Nutzer/innen oder Verantwortungs-Gruppen auswählen:,Select user or responsibility group,
workflow_common_settings_permissions_select_user,Nutzer/innen auswählen,Select user,
workflow_common_settings_permissions_title,Berechtigungen,Permissions,
workflow_common_settings_permissions_write,Schreib- und Leserechte,Read and write permissions,
workflow_common_settings_permissions_hint_after,"Leserechte und öffentlicher Zugriff umfassen „Betrachten“ der Metadaten und Vorschau, sowie „Original exportieren & in PDF blättern“.","Reading permissions and public access include “View” for metadata und previews, as well as “Download original & browse PDF”."
workflow_common_settings_title,Gemeinsamer Datensatz,Common data,
workflow_edit_actions_back,Zurück,Go back,
workflow_edit_actions_cancel,Abbrechen,Cancel,
workflow_edit_actions_delete,X,X,
workflow_edit_actions_fill_data,Daten eingeben,Fill Data,
workflow_edit_actions_finish,Abschliessen,Finish,
workflow_edit_actions_finishing,Wird abgeschlossen…,Finish…,
workflow_edit_actions_processing,Lädt…,Loading…,
workflow_edit_actions_save_data,Speichern,Save,
workflow_edit_add_md_by_metakey,Hinzufügen,Add,
workflow_edit_adder_meta_key_already_used,Metadatum wird schon verwendet,Metakey already used,
workflow_feature_title,Workflow,Workflow,
workflow_md_edit_form_key_is_managed_a,"Dieser Wert wird im Workflow ","This value is managed by workflow ",
workflow_md_edit_form_key_is_managed_b," verwaltet.",".",
workflow_md_edit_is_common_empty," (leer)"," (empty)"
workflow_md_edit_legend,Legende:,Legend:
workflow_md_edit_is_common_explanation,"Gesetzter Wert soll auf alle enthaltenen Medieneinträge angewendet werden, oder (wenn deaktiviert) einzeln eingegeben werden können","The set value should be applied to all media entries contained, or (if deactivated) can be entered individually"
workflow_md_edit_is_common_nonempty," (gesetzt)"," (set)"
workflow_md_edit_is_common,"Fixer Wert","Fixed value"
workflow_md_edit_is_mandatory_explanation,"Alle enthaltenen Medieneinträge müssen einen Wert gesetzt haben, damit der Workflow abgeschlossen werden kann","All media entries contained must have a value set so that the Workflow can be completed"
workflow_md_edit_is_mandatory,"Pflichtfeld","Mandatory field"
workflow_md_edit_is_not_common,"Individuelle Vergabe","Individual assignment"
workflow_md_edit_is_overridable,"…und dabei vorhandene Werte überschreiben","…and overwrite existing values"
workflow_md_edit_scope,"Geltungsbereich","Scope"
workflow_md_edit_scope_entry,"Einträge","Entries"
workflow_md_edit_scope_set,"Sets","Sets"
workflow_md_edit_remove_btn,"Entfernen","Remove"
workflow_md_edit_remove_explain,"Nach dem Entfernen wird dieses Metadaten-Feld nicht mehr innerhalb dieses Workflows genutzt. Es kann weiterhin bei den jeweiligen Medienenträgen ausgefüllt werden.","After removal, this metadata field is no longer used within this process. It can still be filled in at the respective media entries."
workflow_md_edit_value,Wert,Value
workflow_md_edit_value_error_notice,"Noch kein Fixer Wert vergeben für Pflichtfeld!","No fixed value yet assigned for mandatory field!"
workflow_mk_error_unknown,Problem:,Problem:,
workflow_mk_error_not_found,"Die folgenden MetaKeys sind konfiguriert, aber konnten nicht im System gefunden werden: ","The following MetaKeys are configured, but could not be found in the system: ",
workflow_mk_error_not_authorized,"Die folgenden MetaKeys sind konfiguriert, aber es fehlen Ihnen die Berechtigungen sie zu nutzen: ","The following MetaKeys are configured, but you do not have the permissions to use them: "
workflow_md_edit_mk_error_not_found,"Dieser MetaKey konnte nicht im System gefunden werden!","This MetaKey could not be found in the system!",
workflow_md_edit_mk_error_not_authorized,"Für diesen MetaKey fehlen Ihnen die Berechtigungen zur Nutzung!","You do not have permission to use this MetaKey!"
workflow_owners_title,Workflow-Besitzer,Workflow owners,
workflow_preview_actions_back,Zurück,Go back,
workflow_preview_actions_finish,Abschliessen,Finish,
workflow_preview_actions_finishing,Abschliessen…,Finish…,
workflow_preview_actions_save_data,Daten speichern,Save data,
workflow_preview_actions_saving,Daten speichern…,Saving…,
workflow_preview_consists_of_and,und,and,
workflow_preview_consists_of_collections,Sets,Sets,
workflow_preview_consists_of_media_entries,Medieneinträge,Media entries,
workflow_preview_consists_of_prefix,enthält,consists of,
workflow_preview_errors_found,Fehler gefunden,error(s) found,
workflow_preview_finish_confirmation,Wollen Sie den Workflow abschliessen? Diese Aktion kann nicht rückgängig gemacht werden!,You're about to finish the workflow. This action cannot be undone. Do you want to proceed?,
workflow_preview_header,Workflow-Vorschau,Preview of workflow ,
workflow_preview_resources_header,Medienteinträge und Sets,Media entries and Sets,
workflow_preview_summary_text_part_1,Folgende Angaben werden auf alle Medieneinträge und Sets angewendet enthalten im Workflow-Set,Following settings will apply to everything contained in the Set,
workflow_preview_summary_text_part_2,Enthalten,Contained,
workflow_preview_value_managed_by,Diese Angabe wird verwaltet vom Workflow,This value is managed by workflow,
workflow_uploader_notice_post,"","",
workflow_uploader_notice_pre,"Following Media Entries will be added to the main collection of workflow","Following Media Entries will be added to the main collection of workflow",
workflow_workflow_owners_title,"Workflow-Besitzer","Workflow owners"
workflows_index_actions_edit,Bearbeiten,Edit,
workflows_index_actions_new,Neuer Workflow,New workflow,
workflows_index_action_save,Speichern,Save,
workflows_index_actions_show,Details anzeigen,Show details,
workflows_index_header,Meine Workflows,My Workflows,
media_entry_notice_new_versions,Für diesen Medieneintrag sind neuere Versionen vorhanden:,Newer versions are available for this media entry:,
read_more_button,"Mehr anzeigen","Show more",
read_less_button,"Weniger anzeigen","Show less",
